Week,Date,Lecture #,Topic,Weekdays,HW due,HW Quiz,Note
1,8/26/2026,1,Key experiments behind QMs,Wed.,,,
,8/28/2026,2,Hilbert space and state vectors,Fri.,,,
2,9/2/2026,3,Linear operators and observables,W,,,
,9/4/2026,4,Projective measurements,F,hw1,#1,
3,9/9/2026,5,Unitary evolution of closed quantum systems,W,,,
,9/11/2026,6,Composite quantum systems,F,hw2,#2,
4,9/16/2026,7,Density matrix and mixed states,W,,,
,9/18/2026,8,Witnessing quantum entanglement,F,hw3,#3,
5,9/23/2026,9,Generalized measurements and decoherence,W,,,
,9/25/2026,10,Time evolution of open quantum systems,F,hw4,#4,
6,9/30/2026,11,"Position, momentum and Schrodinger's wave equation",W,,,
,10/2/2026,12,Solving one-dimensional potentials (recorded video lecture),F,hw5,#5,Qphoria@Penn State
7,10/7/2026,,Midterm review,,,,
,10/9/2026,1130-130pm,Midterm exam (PRB 1080),,,,
,10/14/2026,13,Bound states in one dimension,W,hw6,#6,
,10/16/2026,Autumn break,,,,,
,10/21/2026,14,Scattering in one dimension,W,,,
8,10/23/2026,15,Simple harmonic oscillators,F,,,
,10/28/2026,16,Coherent states,W,hw7,#7,
9,10/30/2026,17,Quantization of light,F,,,
,11/4/2026,18,Squeezed states of light,W,hw8,#8,
10,11/6/2026,19,Introduction to group theory,F,,,
,11/11/2026,Veteran's day,,,,,
,11/13/2026,20,Orbital angular momentum and spherical harmonics,F,hw9,#9,
11,11/18/2026,21,Central potentials and the hydrogen atom,W,,,
,11/20/2026,22,Addition of angular momenta,F,hw10,#10,
,11/25/2026,Thanksgiving,,,,,
,11/27/2026,Columbus day,,,,,
12,12/2/2026,23,Introduction to Lie algebra (will NOT be tested),W,,,
,12/4/2026,,Practice test,F,hw11,#11,
,12/9/2026,,Final review (Zoom),,,,
,12/17/2026,12-2pm,Final exam (PRB 1080),,,,