Week, Date      , Lecture #    , Topic                                                      , Weekdays, HW due, HW Quiz, Note, Assigned readings (books and chapters)
   1, 8/26/2026 , 1            , Key experiments behind QMs                                 , Wed.    ,       ,        ,     , "Read: Weinberg, Lectures on Quantum Mechanics: ch. 1. Further reading: Anastopoulos, Quantum theory: a foundational approach: ch. 2; Shankar, Principles of Quantum Mechanics: ch. 3."
    , 8/28/2026 , 2            , Hilbert space and state vectors                            , Fri.    ,       ,        ,     , "Lecture references: Nielsen & Chuang, Quantum Computation and Quantum Information: sec. 2.1 (quiz specifically recommends secs. 2.1.1-2.1.5); Tong, Quantum Mechanics: sec. 3.1; Shankar, Principles of Quantum Mechanics: secs. 1.1-1.4. Quiz also recommends Sakurai & Napolitano, Modern Quantum Mechanics: secs. 1.2-1.3."
   2, 9/2/2026  , 3            , Linear operators and observables                           , W       ,       ,        ,     , "Read: Nielsen & Chuang, Quantum Computation and Quantum Information: sec. 2.1 (including Box 2.2 referenced in the notes). Further reading: Tong, Quantum Mechanics: secs. 3.2, 4.1; Sakurai & Napolitano, Modern Quantum Mechanics: secs. 1.3-1.4; Shankar, Principles of Quantum Mechanics: secs. 1.5-1.6."
    , 9/4/2026  , 4            , Projective measurements                                    , F       , hw1   , #1     ,     , "Read: Nielsen & Chuang, Quantum Computation and Quantum Information: secs. 2.2.5, 2.2.7 (notes list the broader range 2.2.4-2.2.7). Further reading: Tong, Quantum Mechanics: secs. 3.4, 4.2, 16.4.1; Nielsen & Chuang, Quantum Computation and Quantum Information: sec. 2.4 for generalized measurements."
   3, 9/9/2026  , 5            , Unitary evolution of closed quantum systems                , W       ,       ,        ,     , "Read: Sakurai & Napolitano, Modern Quantum Mechanics: sec. 2.1 (quiz question 3 also refers to sec. 1.6); Nielsen & Chuang, Quantum Computation and Quantum Information: sec. 4.3 as listed in the quiz. Notes also list Nielsen & Chuang, Quantum Computation and Quantum Information: secs. 2.1.8, 2.2.2, 4.2 (the gate-section reference differs from the quiz). Further reading: Tong, Quantum Mechanics: sec. 3.3; Shankar, Principles of Quantum Mechanics: sec. 4.3."
    , 9/11/2026 , 6            , Composite quantum systems                                  , F       , hw2   , #2     ,     , "Read: Nielsen & Chuang, Quantum Computation and Quantum Information: secs. 2.1.7, 2.2.8, and as much of sec. 4.3 as possible. Further reading: Tong, Quantum Mechanics: sec. 3.6. For generalized measurements: Nielsen & Chuang, Quantum Computation and Quantum Information: sec. 2.2.6; Tong, Quantum Mechanics: sec. 16.4.2."
   4, 9/16/2026 , 7            , Density matrix and mixed states                            , W       ,       ,        ,     , "Read: Tong, Quantum Mechanics: sec. 16.3. Further reading: Nielsen & Chuang, Quantum Computation and Quantum Information: secs. 2.4, 2.5, 11.3; Sakurai & Napolitano, Modern Quantum Mechanics: sec. 3.4. Notes additionally reference Nielsen & Chuang, Quantum Computation and Quantum Information: sec. 11.4 for strong subadditivity."
    , 9/18/2026 , 8            , Witnessing quantum entanglement                            , F       , hw3   , #3     ,     , "Read: Tong, Quantum Mechanics: sec. 16.1 (notes specify secs. 16.1.1-16.1.4). Further reading: Scully & Zubairy, Quantum Optics: ch. 18 for experimental details."
   5, 9/23/2026 , 9            , Generalized measurements and decoherence                   , W       ,       ,        ,     , "Read: Tong, Quantum Mechanics: sec. 16.4. Further reading: Nielsen & Chuang, Quantum Computation and Quantum Information: secs. 2.2.6, 2.4.2, 8.2 for generalized measurements; Anastopoulos, Quantum theory: a foundational approach: sec. 8.2 for measurement-induced decoherence."
    , 9/25/2026 , 10           , Time evolution of open quantum systems                     , F       , hw4   , #4     ,     , "Read: Tong, Quantum Mechanics: secs. 16.5.1-16.5.3. Further reading: Nielsen & Chuang, Quantum Computation and Quantum Information: sec. 8.3 for quantum channels."
   6, 9/30/2026 , 11           , "Position, momentum and Schrodinger's wave equation"       , W       ,       ,        ,     , "Lecture references: Tong, Quantum Mechanics: sec. 3.2.5; Sakurai & Napolitano, Modern Quantum Mechanics: secs. 1.6, 1.7."
    , 10/2/2026 , 12           , Solving one-dimensional potentials (recorded video lecture), F       , hw5   , #5     ,     , "Lecture references: Tong, Quantum Mechanics: secs. 2.1.1, 2.3.2, 2.4.1; Sakurai & Napolitano, Modern Quantum Mechanics: Appendix B, Elementary Solutions to the Schrodinger Wave Equation."
   7, 10/7/2026 ,              , Midterm review                                             ,         ,       ,        ,     , No separate reading assignment specified for this review.
    , 10/9/2026 , 1130-130pm   , Midterm exam (PRB 1080)                                    ,         ,       ,        ,     , Not applicable (exam or practice test).
    , 10/14/2026, 13           , Bound states in one dimension                              , W       , hw6   , #6     ,     , "Lecture references: Tong, Quantum Mechanics: secs. 2.3, 14.1.4, 7.5."
    , 10/16/2026, Autumn break ,                                                            ,         ,       ,        ,     , Not applicable (no lecture).
    , 10/21/2026, 14           , Scattering in one dimension                                , W       ,       ,        ,     , "Lecture references: Tong, Quantum Mechanics: secs. 14.1.1-14.1.3; Sakurai & Napolitano, Modern Quantum Mechanics: sec. 6.1."
   8, 10/23/2026, 15           , Simple harmonic oscillators                                , F       ,       ,        ,     , Not specified in the available lecture notes or reading quizzes.
    , 10/28/2026, 16           , Coherent states                                            , W       , hw7   , #7     ,     , Not specified in the available lecture notes or reading quizzes.
   9, 10/30/2026, 17           , Quantization of light                                      , F       ,       ,        ,     , Not specified in the available lecture notes or reading quizzes.
    , 11/4/2026 , 18           , Squeezed states of light                                   , W       , hw8   , #8     ,     , Not specified in the available lecture notes or reading quizzes.
  10, 11/6/2026 , 19           , Introduction to group theory                               , F       ,       ,        ,     , Not specified in the available lecture notes or reading quizzes.
    , 11/11/2026, Veteran's day,                                                            ,         ,       ,        ,     , Not applicable (no lecture).
    , 11/13/2026, 20           , Orbital angular momentum and spherical harmonics           , F       , hw9   , #9     ,     , Not specified in the available lecture notes or reading quizzes.
  11, 11/18/2026, 21           , Central potentials and the hydrogen atom                   , W       ,       ,        ,     , Not specified in the available lecture notes or reading quizzes.
    , 11/20/2026, 22           , Addition of angular momenta                                , F       , hw10  , #10    ,     , Not specified in the available lecture notes or reading quizzes.
    , 11/25/2026, Thanksgiving ,                                                            ,         ,       ,        ,     , Not applicable (no lecture).
    , 11/27/2026, Columbus day ,                                                            ,         ,       ,        ,     , Not applicable (no lecture).
  12, 12/2/2026 , 23           , Introduction to Lie algebra (will NOT be tested)           , W       ,       ,        ,     , Not specified in the available lecture notes or reading quizzes.
    , 12/4/2026 ,              , Practice test                                              , F       , hw11  , #11    ,     , Not applicable (exam or practice test).
    , 12/9/2026 ,              , Final review (Zoom)                                        ,         ,       ,        ,     , No separate reading assignment specified for this review.
    , 12/17/2026, 12-2pm       , Final exam (PRB 1080)                                      ,         ,       ,        ,     , Not applicable (exam or practice test).
